{"app":["/app-70d624daf9dda768763e.js"],"component---cache-caches-gatsby-plugin-offline-app-shell-js":["/component---cache-caches-gatsby-plugin-offline-app-shell-js-112458cba6cabcf2ceb0.js"],"component---src-pages-404-js":["/component---src-pages-404-js-5f833d63533bacadb03d.js"],"component---src-pages-about-js":["/component---src-pages-about-js-d78915ceed4dd2d7ded8.js"],"component---src-pages-coding-js":["/component---src-pages-coding-js-1531a0c60c379c3ee5b2.js"],"component---src-pages-contact-js":["/component---src-pages-contact-js-a380ef502e55079d48b9.js"],"component---src-pages-index-js":["/component---src-pages-index-js-4ff86d30f870b34971c6.js"],"component---src-pages-internet-js":["/component---src-pages-internet-js-bfa9655c0aff9a14b28b.js"],"component---src-templates-blog-post-js":["/component---src-templates-blog-post-js-84befc1b4d79c17a7a53.js"]}