{"errors":[],"warnings":[],"namedChunkGroups":{"app":{"chunks":[13,1,12,3],"assets":["webpack-runtime-530d5ce0acd7908efdd2.js","webpack-runtime-530d5ce0acd7908efdd2.js.map","styles.f842b80b095868093c6e.css","styles-823ae8103e36ae8a7f9f.js","styles-823ae8103e36ae8a7f9f.js.map","framework-9fe058f4359556db0d38.js","framework-9fe058f4359556db0d38.js.map","app-70d624daf9dda768763e.js","app-70d624daf9dda768763e.js.map"],"children":{},"childAssets":{}},"component---cache-caches-gatsby-plugin-offline-app-shell-js":{"chunks":[4],"assets":["component---cache-caches-gatsby-plugin-offline-app-shell-js-112458cba6cabcf2ceb0.js","component---cache-caches-gatsby-plugin-offline-app-shell-js-112458cba6cabcf2ceb0.js.map"],"children":{},"childAssets":{}},"component---src-pages-404-js":{"chunks":[0,5],"assets":["de51c2a77c2896c1116b7b2a9fd0336adc80f23f-26a28973081b14688db1.js","de51c2a77c2896c1116b7b2a9fd0336adc80f23f-26a28973081b14688db1.js.map","component---src-pages-404-js-5f833d63533bacadb03d.js","component---src-pages-404-js-5f833d63533bacadb03d.js.map"],"children":{},"childAssets":{}},"component---src-pages-about-js":{"chunks":[0,6],"assets":["de51c2a77c2896c1116b7b2a9fd0336adc80f23f-26a28973081b14688db1.js","de51c2a77c2896c1116b7b2a9fd0336adc80f23f-26a28973081b14688db1.js.map","component---src-pages-about-js-d78915ceed4dd2d7ded8.js","component---src-pages-about-js-d78915ceed4dd2d7ded8.js.map"],"children":{},"childAssets":{}},"component---src-pages-coding-js":{"chunks":[1,2,0,7],"assets":["styles.f842b80b095868093c6e.css","styles-823ae8103e36ae8a7f9f.js","styles-823ae8103e36ae8a7f9f.js.map","1bfc9850-5758a93d50d9cc990176.js","1bfc9850-5758a93d50d9cc990176.js.map","de51c2a77c2896c1116b7b2a9fd0336adc80f23f-26a28973081b14688db1.js","de51c2a77c2896c1116b7b2a9fd0336adc80f23f-26a28973081b14688db1.js.map","component---src-pages-coding-js-1531a0c60c379c3ee5b2.js","component---src-pages-coding-js-1531a0c60c379c3ee5b2.js.map"],"children":{},"childAssets":{}},"component---src-pages-contact-js":{"chunks":[0,8],"assets":["de51c2a77c2896c1116b7b2a9fd0336adc80f23f-26a28973081b14688db1.js","de51c2a77c2896c1116b7b2a9fd0336adc80f23f-26a28973081b14688db1.js.map","component---src-pages-contact-js-a380ef502e55079d48b9.js","component---src-pages-contact-js-a380ef502e55079d48b9.js.map"],"children":{},"childAssets":{}},"component---src-pages-index-js":{"chunks":[0,9],"assets":["de51c2a77c2896c1116b7b2a9fd0336adc80f23f-26a28973081b14688db1.js","de51c2a77c2896c1116b7b2a9fd0336adc80f23f-26a28973081b14688db1.js.map","component---src-pages-index-js-4ff86d30f870b34971c6.js","component---src-pages-index-js-4ff86d30f870b34971c6.js.map"],"children":{},"childAssets":{}},"component---src-pages-internet-js":{"chunks":[1,2,0,10],"assets":["styles.f842b80b095868093c6e.css","styles-823ae8103e36ae8a7f9f.js","styles-823ae8103e36ae8a7f9f.js.map","1bfc9850-5758a93d50d9cc990176.js","1bfc9850-5758a93d50d9cc990176.js.map","de51c2a77c2896c1116b7b2a9fd0336adc80f23f-26a28973081b14688db1.js","de51c2a77c2896c1116b7b2a9fd0336adc80f23f-26a28973081b14688db1.js.map","component---src-pages-internet-js-bfa9655c0aff9a14b28b.js","component---src-pages-internet-js-bfa9655c0aff9a14b28b.js.map"],"children":{},"childAssets":{}},"component---src-templates-blog-post-js":{"chunks":[1,2,0,11],"assets":["styles.f842b80b095868093c6e.css","styles-823ae8103e36ae8a7f9f.js","styles-823ae8103e36ae8a7f9f.js.map","1bfc9850-5758a93d50d9cc990176.js","1bfc9850-5758a93d50d9cc990176.js.map","de51c2a77c2896c1116b7b2a9fd0336adc80f23f-26a28973081b14688db1.js","de51c2a77c2896c1116b7b2a9fd0336adc80f23f-26a28973081b14688db1.js.map","component---src-templates-blog-post-js-84befc1b4d79c17a7a53.js","component---src-templates-blog-post-js-84befc1b4d79c17a7a53.js.map"],"children":{},"childAssets":{}}},"assetsByChunkName":{"app":["webpack-runtime-530d5ce0acd7908efdd2.js","styles.f842b80b095868093c6e.css","styles-823ae8103e36ae8a7f9f.js","framework-9fe058f4359556db0d38.js","app-70d624daf9dda768763e.js"],"component---cache-caches-gatsby-plugin-offline-app-shell-js":["component---cache-caches-gatsby-plugin-offline-app-shell-js-112458cba6cabcf2ceb0.js"],"component---src-pages-404-js":["de51c2a77c2896c1116b7b2a9fd0336adc80f23f-26a28973081b14688db1.js","component---src-pages-404-js-5f833d63533bacadb03d.js"],"component---src-pages-about-js":["de51c2a77c2896c1116b7b2a9fd0336adc80f23f-26a28973081b14688db1.js","component---src-pages-about-js-d78915ceed4dd2d7ded8.js"],"component---src-pages-coding-js":["styles.f842b80b095868093c6e.css","styles-823ae8103e36ae8a7f9f.js","1bfc9850-5758a93d50d9cc990176.js","de51c2a77c2896c1116b7b2a9fd0336adc80f23f-26a28973081b14688db1.js","component---src-pages-coding-js-1531a0c60c379c3ee5b2.js"],"component---src-pages-contact-js":["de51c2a77c2896c1116b7b2a9fd0336adc80f23f-26a28973081b14688db1.js","component---src-pages-contact-js-a380ef502e55079d48b9.js"],"component---src-pages-index-js":["de51c2a77c2896c1116b7b2a9fd0336adc80f23f-26a28973081b14688db1.js","component---src-pages-index-js-4ff86d30f870b34971c6.js"],"component---src-pages-internet-js":["styles.f842b80b095868093c6e.css","styles-823ae8103e36ae8a7f9f.js","1bfc9850-5758a93d50d9cc990176.js","de51c2a77c2896c1116b7b2a9fd0336adc80f23f-26a28973081b14688db1.js","component---src-pages-internet-js-bfa9655c0aff9a14b28b.js"],"component---src-templates-blog-post-js":["styles.f842b80b095868093c6e.css","styles-823ae8103e36ae8a7f9f.js","1bfc9850-5758a93d50d9cc990176.js","de51c2a77c2896c1116b7b2a9fd0336adc80f23f-26a28973081b14688db1.js","component---src-templates-blog-post-js-84befc1b4d79c17a7a53.js"]}}